name,age,city,salary
John Smith,25,New York,60000
Jane Doe,30,Los Angeles,75000
Michael Johnson,28,Chicago,58000
Emily Brown,22,Houston,45000
William Davis,35,Miami,90000
Olivia Martinez,29,Dallas,68000
James Wilson,40,Boston,80000
Sophia Taylor,26,Atlanta,62000
Liam Anderson,32,Seattle,72000
Isabella Jackson,27,Denver,65000
Noah White,33,Phoenix,70000
Emma Harris,24,San Francisco,59000
Lucas Thomas,31,Detroit,71000
Ava Garcia,23,Minneapolis,54000
Matthew Martinez,28,Orlando,67000
Sofia Robinson,29,Philadelphia,63000
Logan Clark,34,Charlotte,72000
Amelia Lewis,26,Washington DC,64000
Ethan Lee,25,Austin,61000
Chloe Hall,27,Portland,67000
Michael Adams,38,San Diego,78000
Mia Wright,24,Tampa,60000
William Rodriguez,29,Indianapolis,66000
Abigail Scott,31,St. Louis,71000
Aiden Green,23,New Orleans,54000
Harper Walker,28,Cleveland,64000
Daniel Hill,30,Kansas City,68000
Emily Turner,26,Las Vegas,61000
Elizabeth Cook,33,San Antonio,73000
James Phillips,25,Columbus,62000
Grace Bennett,27,Raleigh,64000
Benjamin Reed,32,Phoenix,70000
Luna Hall,24,Denver,58000
Jack Torres,29,Nashville,65000
Stella Mitchell,30,Charlotte,67000
Owen Foster,28,Miami,63000
Layla Murphy,26,Atlanta,60000
Leo Howard,27,Boston,62000
Willow Perez,25,Dallas,60000
Ella Price,31,Chicago,67000
Jackson Coleman,29,Houston,64000
Hazel Turner,24,Los Angeles,61000
John Morris,35,New York,78000
Avery Gray,26,Miami,59000
Sofia Peterson,28,Dallas,62000
Logan Barnes,33,Chicago,69000
Chloe Ramirez,25,Los Angeles,60000
Owen Griffin,29,Houston,64000
Scarlett Rodriguez,27,Miami,61000
Sebastian Watson,28,New York,65000
Lily Bell,31,San Francisco,67000
Carter Price,24,Seattle,60000
Evelyn Ward,29,Boston,64000
Leo Foster,30,Atlanta,67000
Grace Cooper,28,Chicago,64000
Julian Martinez,27,Dallas,61000
Aria Nelson,26,Houston,60000
Lincoln Brooks,25,Los Angeles,61000
Victoria Powell,29,Miami,65000
Eli Griffin,30,New York,67000
Lila Richardson,31,San Francisco,64000
Hudson Anderson,24,Seattle,61000
Addison Hughes,29,Boston,64000
Zoe Gonzales,30,Atlanta,67000
Elijah Scott,28,Chicago,65000
Penelope Walker,27,Dallas,62000
Christopher Perez,26,Houston,61000
Aubrey Mitchell,25,Los Angeles,62000
Grayson Carter,29,Miami,66000
Scarlett White,30,New York,68000
Lucas Wright,24,San Francisco,60000
Bella Adams,29,Boston,64000
Liam King,30,Atlanta,67000
Emma Morris,28,Chicago,66000
Noah Bailey,27,Dallas,62000
Ava Brooks,26,Houston,61000
Mia Nelson,25,Los Angeles,62000
William Powell,29,Miami,65000
Isabella Ward,30,New York,67000
James Green,31,San Francisco,64000
